{
    "rmse": 0.6881004171900903,
    "mae": 0.546585282754041,
    "r2": 0.22040494507899977
}